MiceID,Siscore,NREMBoutslight,NREMBoutsdark,NREMDurlight,NREMDurdark,NREMREM,WtoNREM,NREMtoW,REMtoW,NREMtoREMD,WtoNREMD,NREMtoWD,REMtoWD,wakelatlight,NREMLatlight,REMLatlight,wakelatdark,NREMLatdark,REMLatdark,wakeIntlight,NREMIntlight,REMIntlight,wakeIntdark,NREMIntdark,REMIntdark,Wake%L,NREM%L,REM%L,Wake%D,NREM%D,REM%D,Susceptible
Pilot2,97.67,339,197,0.99,1.15,97,326,234,91,44,195,152,44,0.08,7.75,13.42,0.25,0.08,3.92,75.15,66.7,388.1,80.6,150.2,891.9,42.48,46.78,10.65,63.59,31.63,4.77,1
M1EEGII,94.01,310,340,0.915,0.85,56,309,253,56,62,327,265,62,0.08,0.33,75.4,0,31.05,46.55,67.1,83.5,627.05,62.3,70.2,613.3,52.03,39.44,8.52,52.52,39.93,6.48,1
M3EEGII,52.04,454,375,0.801,0.83,22,225,207,18,48,375,327,48,0.92,0,3.08,0,4.55,30.8,56.1,46.2,519.8,56.3,64,769.3,41.21,50.55,8.23,51.1,43.28,5.61,1
M1EEGIV,96.4,440,357,0.75,0.79,82,439,357,82,57,356,299,57,0.08,0.42,37.5,0,4.22,14.63,54.3,52.2,445.9,55.8,70,683.9,44.8,45.8,9.36,53.9,39.34,6.73,1
M1EEGVI,72.8,540,511,0.72,0.64,89,509,420,88,98,528,431,97,0.08,0.17,12.9,0,0.64,37.4,50.3,36.9,400.9,43.2,44.8,438.6,38.38,53.7,7.87,49.15,45.65,5.2,1
M2EEGVI,80.9,474,453,0.85,0.82,91,340,252,88,48,185,137,48,1.08,0.08,6.33,1.25,0,22.83,58.2,39.9,607.9,55.8,46.2,571.7,36.61,56.26,7.13,41.62,51.7,6.67,1
M2EEGVII,62.2,271,185,0.91,0.89,62,469,407,62,69,451,382,69,0,16,122.83,0,11.9,133.42,72.9,95.1,540.3,63.7,160.3,558.5,47.88,43.44,8.68,72.71,22.99,4.3,1
Pilot1,177.59,362,,0.86,,98,341,253,87,,,,,0.08,0.17,4.85,,,,67.9,67.5,384.3,,,,45.75,43.57,10.45,,,,0
Mouse2EEGI,126.8,284,171,0.97,1.4,53,197,145,52,43,167,124,43,0.08,4.58,63.5,2.6,1.39,0.94,77.1,86.1,329.8,100.1,147.4,852,47.11,44.22,8.6675,61.3,33.03,5.67,0
Mouse3EEGI,147.1,202,179,1.87,1.2,52,184,135,50,26,179,153,26,1.92,0.33,0,0,3.73,77.1,138.7,102.3,497.4,79.5,144.8,1294.7,35.9925,53.7625,10.185,67.06,29.32,3.62,0
Mouse4EEGI,104.3,246,120,1.37,1.7,19,66,47,19,28,120,92,28,0.58,0,2,0,13.48,85.82,108.8,90,504.2,115.7,223.5,1206,34.6075,55.73,9.4975,67.6,28.18,4.22,0
Mouse1EEGIII,134.07,325,133,1,0.85,74,300,238,63,17,115,101,13,1.08,0.08,9.17,0,266.88,321.8,79.32,70.61,512.03,69.3,154.7,1119.6,44.03,45.28,9.75,81.65,15.67,2.06,0
Mouse2EEGV,140.2,246,108,1.06,0.83,89,245,156,89,89,245,156,89,0.08,41.25,49.33,0,20.58,44.5,82.86,101.5,246,59.9,326.9,578.2,53.06019,36.53472,10.37037,85.02083,12.20139,2.743056,0
Mouse3EEGV,190,316,191,1.29,1.14,94,311,217,94,25,191,166,25,0,0.25,6.08,0,5.97,254.8,92.2,58.7,405.1,74.3,143.02,908.6,33.43,56.55,10.02,67.16,30.32,2.49,0
Mouse1EEGVII,124.25,313,271,1.14,1.018,65,312,247,65,51,269,217,51,0,1.42,6.33,0,16,122.8,81.5,61.5,576.9,72.9,95.07,540.3,49.62,41.13,9.24,54.74,38.35,6.91,0